Page,Question
1,What is the reproductive event in humans?
1,What is the male reproductive system located in?
1,Where is the male reproductive?
1,What is the name of the sperms in males?
1,What is the name of the text that includes a pair of testes along with accessory ducts glands?
1,Where is the female reproductive system located?
1,What are the differences between the reproductive events in the male and female?
1,What is the female reproductive system?
1,What is the term for transfer of sperms into the female?
1,Where is the male reproductive system located?
1,What is the female reproductive viviparous?
1,What is the female reproductive system located in?
1,What is the male reproductive system?
1,What is the name of the sperms in females?
1,What is the name of the genital tract insemination?
1,What is the male reproductive viviparous?
1,What does ovum cease to do in women around fifty years?
2,What are interstitial spaces called?
2,What is the male sex accessory duct?
2,What is the reproductive system of males?
2,What are the compartments inside the testis called?
2,What do these ducts store and transport?
2,What is the length of the testis in adults?
2,What are the male sex accessory duct?
2,What is the length of the testis?
2,What is the epididymis called?
2,What is the external opening called?
2,What is the pouch called that helps in maintaining the low temperature of the testes?
2,What does the urethra originate from?
2,What is the normal internal body temperature necessary for spermatogenesis in adults?
2,What do male germ cells undergo?
2,What helps in maintaining the low temperature of the testes?
2,What are the male sex accessory ducts?
2,What is the pouch that the testes are located outside the abdominal cavity within?
2,What is the normal internal body temperature needed for spermatogenesis in adults?
2,What are the male sex accessory ducts called?
2,What is the external opening of the urethra?
2,What is the epididymis located along the posterior surface 27 of each testis?
2,What is the urethra called?
3,What is the enlarged end of penis called?
3,How long is each ovary?
3,What is the fold of skin that covers the enlarged end of penis called?
3,What is the seminal plasma rich in?
3,What is the length of?
3,What glands are secreted by the female reproductive system?
3,What is the male external genitalia?
3,What is the male accessory glands?
3,What is the female reproductive system composed of?
14,What is the female reproductive system composed of?
3,What is the primary female sex organs that produce the female?
3,What is the male external genitalia called?
14,What is the male external genitalia called?
3,What are the primary female sex organs?
3,What is the length of each ovary?
3,What is the secretions of?
3,What are the male accessory glands?
3,What is the length of each?
3,What are the primary female sex organs that produce the female?
3,What glands are included in the male accessory glands?
3,What is the male accessory glands called?
3,What is the inner medulla?
3,What is the fold of skin on the enlarged end of penis called?
4,What is the name of the projections on the edges of the infundibulum called?
4,What is the part closer to the ovary called?
4,What is the length of each fallopian tube?
4,What is the female accessory ducts?
4,What is the name of the part closer to the ovary called?
4,What is the infundibulum called?
4,What is the infundibulum that leads to a wider view of the female reproductive system?
5,What is the birth canal called?
5,What is the hymen often torn during?
5,What is the last part of the oviduct isthmus called?
5,What is often torn during the first coitus intercourse?
5,What is the inner glandular layer called?
5,What is the shape of the uterus like?
5,What is the hymen called?
5,What is the outer layer of the uterus called?
5,What is the opening of the vagina often covered partially?
5,What is the most reliable indicator of virginity or sexual experience?
5,What is the clitoris called?
5,What is the membrane that covers the opening of the vagina called?
5,What is not a reliable indicator of virginity or sexual experience?
15,What is not a reliable indicator of virginity or sexual experience?
5,What is the female external genitalia called?
5,What is the question for the following text?
5,What is the inner glandular?
5,What is the name of the membrane that covers the opening of the vagina?
5,What is the cavity of the cervix called?
5,What is the uterus also called?
6,What is the process called that produces sperm?
6,What is the name of the process that produces sperms?
6,What is the process called that produces sperms?
6,What do the cells of alveoli secrete?
6,What is the process of spermatogenesis that is stimulated by androgens?
6,What is the number of chromosomes in spermatids?
6,What is the process called that transforms spermatids?
6,What is the process called that produces spermatozoa?
6,What is the process called that transforms spermatids into spermatozoa sperms?
6,What is the process called that?
6,What is the process called that produces sperms in testis?
6,What hormone is released at the anterior pituitary gland?
6,What is the process of spermatogenesis?
6,What hormone is produced by the anterior pituitary gland?
6,What are the mammary glands?
6,What is the process called that produces spermatozoa sperms?
6,What are mammary glands?
6,What do the tubules of?
6,What do the tubules of each lobe join to form?
6,What hormone acts at the anterior pituitary gland?
6,What do the cells of alveoli open into?
6,What is characteristic of all female mammals?
6,What is connected to lactiferous duct through which milk is sucked out?
6,What is the glandular tissue of each breast divided into?
7,What is the structure of a sperm composed of?
7,What is the first meiotic division of the primary oocyte?
7,What is the process of formation of a mature female gamete called?
7,What are the primary follicles called?
7,What is the first stage of oogenesis?
7,What is the result of the unequal division?
7,What is the formation of a large?
7,What are the seminal plasma along with the sperms essential for?
7,What are the testicular hormones androgens used for?
7,What is the first polar body?
7,How many sperms does the human male ejaculate during a coitus?
7,How many sperms does a human male ejaculate during a coitus?
7,What is the body of sperm?
7,When is oogenesis initiated?
7,What is the primary oocyte called?
7,How many sperms must have normal shape and size for normal fertility?
7,What percentage of sperms must show?
7,What is the body of sperm covered by?
7,What is the structure of a sperm?
7,What are the functions of male sex accessory ducts and glands maintained by?
7,What is the primary oocyte within the tertiary follicle?
7,What are the functions of male sex accessory?
7,What are the primary follicles called at puberty?
7,What is the primary follicle called?
7,What is the second meiotic division?
11,What is the second meiotic division?
7,What is the process of formation of a mature female gamete markedly different from?
7,What are the secretions of epididymis vas deferens essential for?
7,What is the tertiary follicle arranged into?
7,What are the primary oocytes called?
7,What is the secondary follicle called?
8,What is the diagrammatic representation of?
8,What is the reproductive cycle in humans?
8,What is the first menstruation called in human females?
8,When does the first menstruation begin in human females?
8,What is the process called that releases the secondary oocyte ovum from the ovary?
8,What is the name of the membrane that surrounds the secondary oocyte called?
8,What is the name of the membrane that the secondary oocyte forms around it?
8,What is the reproductive cycle in humans called?
8,What is the reproductive cycle in the female primates?
8,What is the reproductive cycle in human females called?
8,What is the membrane that surrounds the secondary oocyte called?
8,When is ovum released ovulation?
8,What is the process called that releases the secondary o?
8,What is the reproductive cycle in female primates called?
8,What is the cycle of events starting from one menstruation till the next one called?
8,How many days is the average interval of menstruation?
8,What is the reproductive cycle in primates?
8,What is the term for the membrane that surrounds the secondary oocyte called?
8,What is the reproductive cycle in the female primates e g monkeys apes and humans called?
8,What is the first menstruation called in monkeys apes and human beings?
8,What is the reproductive cycle in the female primates called?
8,What is the average interval of menstruation in human females?
8,What is the first menstruation called in humans?
9,What is the menstrual flow?
9,What hormones are induced by changes in the ova?
9,What do the primary follicles in the ovary grow to become?
9,What is the result of the breakdown of the endometrial lining of the uterus and its blood vessels?
9,What does the endometrium of uterus regenerate through?
9,What is the cause of the breakdown of the endometrial lining of the uterus and its blood vessels?
9,What is the endometrium of uterus regenerating through?
9,What is the menstrual phase?
9,What phase is followed by the follicular phase?
9,What is the breakdown of the endometrial lining of the uterus and its blood vessels that forms liquid that comes out through vagina?
9,What is the follicular phase?
9,What hormones are induced by changes in the ovary and?
9,What is the menstrual flow caused by?
9,What is the first phase of the menstrual cycle?
9,What is the main event of the menstrual cycle?
9,What is the first phase of the cycle?
9,What is the menstrual phase followed by?
9,What phase is followed by the menstrual phase?
9,What is the menstrual?
9,What is the duration of the menstrual cycle?
9,What hormones are involved in the ovulation and uterus?
9,What is the duration of the cycle?
10,What is the release of ovum ovulation?
10,What is the secreted change sanitary progesterone essential for maintenance of?
10,What is the luteal phase?
10,What causes disintegration properly wrapping it with a used paper do of the endometrium leading to menstruation?
10,What is the ovum surrounded by few?
10,What is the corpus homemade pads called?
10,What is the process of fusion of a sperm with an ovum called?
10,What is the term for the menstrual cycle that ends around 50 years of age?
10,What is an indicator of normal drainpipe of toilets or reproductive phase?
10,What hormones are secreted by the growing follicles during the luteal phase?
10,What causes disintegration properly wrapping it with a used paper do of the endometrium leading to menstruation marking a new cycle in not?
10,What is essential for maintenance of the endometrium napkins or homemade?
10,What secretions help the sperm enter into the cytoplasm of the ovum?
10,What is the luteal phase followed by?
10,What is the term used for the menstrual cycles that ceases around 50 years of age?
10,What hormone is secreted by the corpus luteum during the luteal phase?
10,What is the corpus luteum secreted large amounts of?
10,What is released by the penis into the vagina?
10,What is released by the pen?
10,What does the sperm induce that blocks the entry of additional sperms?
10,What is the term for the cycle that ends around 50 years of age?
11,What percentage of sperms carry the y chromosome?
11,What would a zygote carrying xx develop into?
11,What percentage of sperms carry the x chromosome?
11,What would the zygote carry after fusion of the male and female gametes?
11,What is the number of embryos in the embryo?
11,What is the sex of the baby determined by?
11,What is the chromosome pattern in the male?
11,What is the sex of the baby determined?
11,What would the zygote carry xx develop into?
7,What is the second meiotic division?
11,What is the second meiotic division?
11,What is the chromosome pattern in the human female?
12,What is the outer layer of the blast?
12,What is the process that leads to pregnancy?
12,What is the name of the text that differentiates the embryo after implantation?
12,What is the inner cell mass called?
13,What is the inner cell mass called?
12,What is the placenta connected to?
12,What hormone is secreted by the ovary during pregnancy?
12,What is the placenta?
12,What is the name of the hormone secreted by the ovary during pregnancy?
12,What is the 11 step h that leads to pregnancy?
12,What is the placenta endocrine tissue?
12,What is the process of implantation called?
12,What is the main reason for increased production of these hormones?
12,What hormones are produced in women only during pregnancy?
12,What hormone is secreted by the ovary in the later phase of pregnancy?
13,How long does human pregnancy last in dogs elephants cats find out in humans after one month of pregnancy?
13,What triggers release of oxytocin from the maternal pituitary?
13,How long does human pregnancy last in dogs elephants cats find out in humans?
13,What is parturition induced by?
14,What is parturition induced by?
13,What is the process called during lactation?
13,What do the three layers give rise to in adults?
13,What causes stronger uterine contractions?
13,What is the average duration of human pregnancy?
12,What is the inner cell mass called?
13,What is the inner cell mass called?
13,What is the outer layer called?
13,What is the average duration of human pregnancy called?
13,What are the three layers that give rise?
13,What is the main feature of embryonic development at various months of pregnancy?
13,What is parturition?
14,What is parturition?
15,What is parturition?
13,How long does the human pregnancy last in dogs elephants cats?
13,What is the milk produced during the initial few days of lactation called?
13,What does oxytocin do to the uterine muscle?
13,What triggers release?
13,What is the inner cell mass of the embryo called?
13,How long does the human pregnancy last?
13,How long does a human pregnancy last?
13,How long does human pregnancy last?
13,What are the cells called in the inner cell mass?
13,What triggers release of oxytocin from the maternal?
13,What is the gestation period?
13,What is the process called that helps?
13,What is the process called during pregnancy called?
13,What is the inner layer called?
13,How long does pregnancy last in dogs elephants cats?
14,What do mammary glands differentiate during pregnancy and secrete after childbirth?
14,What do spermatogonia undergo?
14,What hormones are involved in ovulation?
14,What is the male reproductive system composed of?
14,What is the name of the process of childbirth?
14,What are the oviducts?
13,What is parturition induced by?
14,What is parturition induced by?
14,What determines the sex of the embryo?
14,What is the process of childbirth called?
14,What is the uterus's third layer?
14,What is one of the female secondary sexual characteristics?
14,What is fed by the mother after childbirth?
3,What is the female reproductive system composed of?
14,What is the female reproductive system composed of?
14,What is the reproductive cycle of female primates called?
3,What is the male external genitalia called?
14,What is the male external genitalia called?
14,What hormones are involved in the cyclical changes in the ovary and uterus during menstrual cycle?
14,What is one of the female external genitalia?
14,What are the ovaries producing?
14,What are the ovarian follicles embedded in?
14,What hormones are involved in the cyclical changes in?
13,What is parturition?
14,What is parturition?
15,What is parturition?
14,What is the process of formation of mature female gametes?
14,What is the female gamete ovum produced by?
14,What is the female external genitalia?
14,What are the ovarian hormones embedded in?
14,What is the normal human sperm composed of?
14,What glands differentiate during pregnancy and secrete milk after childbirth?
14,What is the first stage of menstrual cycle?
14,What are the oviducts uterus and vagina?
14,What are testicular hormones called?
14,What is the process of childbirth?
14,What is the process of formation of mature female gametes called?
15,What is oogenesis?
15,What is the process of release of ovum from a mature follicle called?
15,Name the hormones involved in regulation of spermatogenesis?
15,How many eggs are released by a human ovary in a month?
15,What hormones regulate menstrual cycle?
15,What are androgens produced by?
15,How many eggs?
15,What cells are found in ovary?
15,What are the major functions of male accessory ducts and glands?
15,What are the major components of seminal plasma?
15,What is spermatogenesis briefly describe the process?
15,What is the structure which provides?
15,What is spermatogenesis?
15,What cells produce and?
15,What cells produce androgens?
15,What is oogenesis give a brief account of oogenesis?
15,What happens during pregnancy?
15,How many eggs do you think would have been released if the mother gave birth to identical twins would your answer change if the twins born were?
5,What is not a reliable indicator of virginity or sexual experience?
15,What is not a reliable indicator of virginity or sexual experience?
13,What is parturition?
14,What is parturition?
15,What is parturition?
15,How many eggs are released by a human ovary in?
15,What hormone induces ovulation?
15,What is often blamed for giving birth to daughters?
15,Where does oogenesis take place?
15,What is spermatogenesis briefly describe the process of spermatogenesis?
15,What is the fusion of male and female gametes called?
15,What type of cells produce androgens?
15,What type of cells are found in ovary?
15,What hormones are involved in induction of parturition?
15,What are the hormones involved in regulation of spermatogenesis?
15,What is the name of the function of the following?
15,What are the functions of the following?
